,Unnamed: 0_x,Bike Stop #,name_x,distance,venue_type,Unnamed: 0_y,name_y,latitude,longitude,free_bikes,empty_slots
0,0,1,,,[],1,"PG. TORRAS I BAGES, 129",41.4433647,2.1906302,17,7
1,1,2,,,[],2,"C/ SANT OLEGUER, 2",41.3775319,2.1707321,13,5
2,2,3,,,[],3,"AV. PARAL.LEL, 194",41.3751161,2.1523091,2,24
3,3,4,Montjuic (Barcelona),181.0,Art Museum,4,"C/ BILBAO, 174",41.4090202,2.1954152,23,9
4,4,5,,,[],5,"C/ D'ESCORNALBOU, 51",41.4180789,2.1763994,22,2
5,5,6,,,[],6,"C/ GANDUXER, 29",41.3939378,2.1380304,0,21
6,6,7,,,[],7,"C/ MASSENS, 76",41.4092333,2.1557747,10,18
7,7,8,,,[],8,"GRAN VIA DE LES CORTS CATALANES,  1131",41.4183999,2.2058133,15,19
8,8,9,,,[],9,"PG. ZONA FRANCA, 54",41.3545425,2.1433038,8,11
9,9,10,,,[],10,"C/ FELIP II, 214",41.426925,2.1786224,17,10
10,10,11,,,[],11,"C/ CAMPO FLORIDO, 66",41.4216738,2.1799878,6,13
11,11,12,,,[],12,"C/ GRANOLLERS, 1",41.4283127,2.1629889,2,22
12,12,13,,,[],13,"C/ CAVALLERS, 67",41.3934324,2.115107,3,23
13,13,14,,,[],14,"AV. DIAGONAL, 680",41.3875297,2.1237141,4,21
14,14,15,,,[],15,"PG. VALL D'HEBRÓN, 168",41.4280668,2.1443777,1,49
15,15,16,Museo de Tenis,94.0,Museum,16,"C/ SANT ADRIÀ, 88",41.4354601,2.2001569,8,13
16,16,17,,,[],17,"C/ RAMON TURRÓ, 91",41.3953011,2.1965965,21,5
17,17,18,,,[],18,PL. JESÚS CARRASCO,41.4450463,2.176726,10,10
18,18,19,,,[],19,"RAMBLA FABRA I PUIG, 67",41.4299201,2.1849813,9,23
19,19,20,,,[],20,"C/ SARDENYA, 465",41.4090922,2.1656378,9,17
20,20,21,,,[],21,"C/ NÀPOLS, 125",41.3957813,2.1787074,8,24
21,21,22,,,[],22,"C/ AMILCAR, 1",41.4300161,2.1720191,6,4
22,22,23,,,[],23,"C/CONSELL DE CENT, 6",41.3755503,2.1439036,23,3
23,23,24,,,[],24,"C/ JOSÉ DE  AGULLÓ, 9",41.3952027,2.1334873,1,23
24,24,25,,,[],25,C/ PINTOR RIBALTA / AV. XILE,41.3791986,2.1135824,4,26
25,25,26,,,[],26,"C/ ANDREU NIN, 22",41.4347233,2.1817718,5,26
26,26,27,,,[],27,"AV. RIO DE JANEIRO, 3",41.43068,2.1821802,3,29
27,27,28,,,[],28,"C/ TEODOR LLORENTE, 1",41.419178,2.18018,12,19
28,28,29,,,[],29,PL. ICTÍNEO,41.3776292,2.1836886,14,14
29,29,30,,,[],30,"PL. DEL NORD, 5",41.4068417,2.1558354,5,16
30,30,31,Museu Casa Verdaguer,166.0,Museum,31,"C/ TARRAGONA, 103-115",41.3763948,2.1473272,7,25
31,31,32,,,[],32,"C/ ONZE DE SETEMBRE, 37-39",41.4298614,2.1922011,21,5
32,32,33,,,[],33,"C/ ROSA SENSAT, 20",41.3910756,2.1965766,13,5
33,33,34,,,[],34,"RAMBLA DEL BRASIL, 5",41.3759419,2.1299539,10,17
34,34,35,,,[],35,"C/ MALATS, 98-100",41.4366708,2.186105,10,5
35,35,36,,,[],36,"C/ LOPE DE VEGA, 79",41.4038902,2.2041137,24,2
36,36,37,Cementeri de Poble Nou,102.0,Art Museum,37,"C/ SANT HERMENEGILD, 30",41.4031529,2.1445843,5,22
37,37,38,Coface Sucursal en España,105.0,Museum,38,"C/ BRUC, 66",41.393489,2.1707419,9,23
38,38,39,Nexus Recursos Humanos,119.0,Museum,39,"LA RAMBLA, 75",41.3811389,2.1729755,10,8
39,39,40,Big Fun Museum,114.0,Museum,40,"C/ RECTOR UBACH, 24",41.3985735,2.1440826,6,21
40,40,40,Erotic Museum (Museu de l'Eròtica),118.0,Erotic Museum,40,"C/ RECTOR UBACH, 24",41.3985735,2.1440826,6,21
41,41,40,Les Rambles,87.0,Art Museum,40,"C/ RECTOR UBACH, 24",41.3985735,2.1440826,6,21
42,42,40,Mosaico Pla de l'Os,131.0,Museum,40,"C/ RECTOR UBACH, 24",41.3985735,2.1440826,6,21
43,43,40,Erotic Museum,128.0,Art Museum,40,"C/ RECTOR UBACH, 24",41.3985735,2.1440826,6,21
44,44,40,Institut de Cultura de Barcelona,186.0,Museum,40,"C/ RECTOR UBACH, 24",41.3985735,2.1440826,6,21
45,45,40,Palau de la Virreina,181.0,Art Gallery,40,"C/ RECTOR UBACH, 24",41.3985735,2.1440826,6,21
46,46,41,Antic Car Club de Catalunya,185.0,Museum,41,"RAMBLA DE GUIPÚSCOA, 43/FLUVIÀ",41.4158412,2.1959771,41,0
47,47,42,,,[],42,"C/ JOSEP ESTIVILL, 32",41.4175595,2.1877153,17,7
48,48,43,,,[],43,"PG. VALLDAURA, 171",41.4389014,2.1715576,1,22
49,49,44,,,[],44,"GRAN VIA DE LES CORTS CATALANES, 179 (D)",41.3675574,2.1388216,16,35
50,50,45,,,[],45,"TRAV. DE GRÀCIA, 92 / VIA AUGUSTA",41.3982304,2.1531031,2,18
51,51,46,,,[],46,"C/ DEL TORRENT DE LES FLORS, 102",41.4078456,2.1586704,9,7
52,52,47,,,[],47,"C/ LEPANT,  278",41.4047056,2.1765126,12,9
53,53,48,Museu del Temple Expiatori de la Sagrada Familia,190.0,Museum,48,"RONDA DE SANT PAU, 51",41.3773113,2.1646742,16,18
54,54,49,,,[],49,"C/ BRUC, 102",41.3954041,2.1681961,8,12
55,55,50,,,[],50,"C/ EDUARD TODA, 33 | C/ DOCTOR LETAMENDI",41.4345997,2.1585268,1,25
56,56,51,,,[],51,"C/ GRAN DE GRÀCIA, 37",41.3989151,2.1564253,1,26
57,57,52,,,[],52,"C/ NUMÀNCIA, 136",41.3878061,2.1344218,3,20
58,58,53,,,[],53,"C/ LLULL, 309",41.4065291,2.2091221,10,15
59,59,54,,,[],54,"C/ VILAMARÍ,  61",41.3790718,2.1490553,10,9
60,60,55,,,[],55,"C/ SANTALÓ, 165",41.4009,2.13892,9,15
61,61,56,,,[],56,"C/ ROSSELLÓ, 108-110",41.388296,2.150878,8,9
62,62,57,,,[],57,PL. CARLES PI I SUNYER,41.385086,2.174016,5,15
63,63,58,Museo Dalí Escultor. Edificio Real Círculo Artístico,57.0,Museum,58,"C/ RAMON TURRÓ, 292",41.4038559,2.2084257,15,11
64,64,58,The Gaudí Exhibition Center,164.0,Art Museum,58,"C/ RAMON TURRÓ, 292",41.4038559,2.2084257,15,11
65,65,58,Via Sepulcral Romana,171.0,Monument,58,"C/ RAMON TURRÓ, 292",41.4038559,2.2084257,15,11
66,66,58,Museu Diocesà de Barcelona,169.0,History Museum,58,"C/ RAMON TURRÓ, 292",41.4038559,2.2084257,15,11
67,67,58,Museo Diocesano de Barcelona,179.0,History Museum,58,"C/ RAMON TURRÓ, 292",41.4038559,2.2084257,15,11
68,68,58,Reial Cercle Artístic de Barcelona,66.0,Concert Hall,58,"C/ RAMON TURRÓ, 292",41.4038559,2.2084257,15,11
69,69,59,,,[],59,"RAMBLA DE PRIM, 19",41.4116634,2.2183313,8,18
70,70,60,Museu Blau,168.0,History Museum,60,PL. TERESA DE CLARAMUNT/C/ DELS FERROCARILS,41.3631066,2.1398322,29,1
71,71,61,Joan Miró Tour - Cementiri Montjuic,41.0,Museum,61,"C/ LLOBREGÓS, 115",41.4246885,2.1570492,8,19
72,72,62,,,[],62,"AV. DIAGONAL, 672",41.3880355,2.1256248,1,32
73,73,63,,,[],63,"AV. MERIDIANA, 404",41.4304126,2.1834174,14,22
74,74,64,,,[],64,"TRAVESSERA DE GRÀCIA, 368",41.4098842,2.1715285,24,3
75,75,65,,,[],65,"C/ TARRAGONA, 141",41.3779613,2.1450491,6,14
76,76,66,,,[],66,"C/ DEL CANÓ, 1",41.4013296,2.1574439,0,25
77,77,67,"Davis Museum, The Davis Lisboa Mini-Museum of Contemporary Art in Barcelona",123.0,Museum,67,"AV. MERIDIANA, 47 (D)",41.3982615,2.1866517,30,12
78,78,67,Davis Lisboa,124.0,Painter,67,"AV. MERIDIANA, 47 (D)",41.3982615,2.1866517,30,12
79,79,68,Museu de la Música,118.0,History Museum,68,"C/ CARDENER, 59",41.4105956,2.1579897,10,16
80,80,68,Museu de Carrosses Fúnebres,156.0,History Museum,68,"C/ CARDENER, 59",41.4105956,2.1579897,10,16
81,81,69,,,[],69,"C/ SANT ADRIÀ, 113",41.4361782,2.2047037,10,13
82,82,70,,,[],70,"C/ AMILCAR, 78",41.4260751,2.1722534,8,17
83,83,71,,,[],71,C/ NOVA  BOCANA,41.3702483,2.1878126,9,22
84,84,72,,,[],72,"C/ PUJADES, 173/RBLA POBLE NOU",41.4018686,2.20077,20,2
85,85,73,,,[],73,"C/ DEL DOCTOR TRUETA, 222",41.3992169,2.2041415,8,14
86,86,74,,,[],74,"C/ LLEIDA, 40",41.3717304,2.1554047,14,11
87,87,75,Punt d'Ancoratge de Bicicletes Guàrdia Urbana,121.0,Museum,75,"C/ MADRAZO, 39",41.400305,2.149144,0,27
88,88,76,Fremap-mutua de Accidentes de Trabajo y Enfermedades Profesionales de la Seguridad Social,74.0,Museum,76,"C/ MADRAZO, 131",41.3967824,2.1445567,1,25
89,89,76,Arxiu Joan Maragall,181.0,Museum,76,"C/ MADRAZO, 131",41.3967824,2.1445567,1,25
90,90,77,,,[],77,"C/ CARME KARR, 12-14",41.3986238,2.1204941,0,23
91,91,78,,,[],78,"C/ GAVÀ, 1",41.3723682,2.1419494,18,12
92,92,79,,,[],79,PG. SANT ANTONI /PL. SANTS,41.3756948,2.1358571,7,19
93,93,80,,,[],80,"C/ ROSSELLÓ, 261",41.3954094,2.1599427,2,24
94,94,81,Generalitat de Catalunya,102.0,History Museum,81,"C/ TUSET, 19",41.3960982,2.1513154,1,23
95,95,81,Centre Cultural Caixa Catalunya,161.0,Museum,81,"C/ TUSET, 19",41.3960982,2.1513154,1,23
96,96,81,Palau Robert,99.0,Art Gallery,81,"C/ TUSET, 19",41.3960982,2.1513154,1,23
97,97,81,Casa Ramon Casas,120.0,Monument,81,"C/ TUSET, 19",41.3960982,2.1513154,1,23
98,98,82,,,[],82,PL. TETUAN,41.3943454,2.1751709,6,17
99,99,83,,,[],83,"C/ MAIGNON, 31-41",41.4095926,2.1524953,6,23
100,100,84,,,[],84,"C/ VIRIAT,  53",41.3808222,2.141539,2,17
101,101,85,,,[],85,"PG. PUJADES,  1 (JUTJATS)",41.388885,2.18329,7,19
102,102,86,Museu de Zoologia,93.0,Science Museum,86,"RDA. DE SANT PERE, 26",41.389492,2.17425,2,17
103,103,86,Laboratori de Natura,95.0,Science Museum,86,"RDA. DE SANT PERE, 26",41.389492,2.17425,2,17
104,104,87,Teatre Museu el Rei de la Màgia,106.0,Art Museum,87,"C/ LISBOA, 1",41.429561735076526,2.158968456344588,14,15
105,105,87,Museo Magic World,187.0,Museum,87,"C/ LISBOA, 1",41.429561735076526,2.158968456344588,14,15
106,106,88,,,[],88,"C/ DE NIL FABRA, 16-20",41.4059356,2.1517977,10,14
107,107,89,,,[],89,"PG. ZONA FRANCA, 244",41.36352,2.1369015,7,8
108,108,90,,,[],90,"RAMBLA DE L'ONZE DE SETEMBRE, 31",41.4298991,2.1932159,32,1
109,109,91,,,[],91,"C/ PUJADES, 121",41.3993329,2.1974184,16,11
110,110,92,,,[],92,"C/ CAMÈLIES, 78",41.4145614,2.1658677,16,9
111,111,93,,,[],93,"AV. JOSEP TARRADELLAS, 58",41.385004,2.1429115,5,16
112,112,94,,,[],94,"PL. CATALUNYA, 7",41.386543,2.169427,1,25
113,113,95,MUHBA Casa de l'Aigua,106.0,Museum,95,"C/ ARIZALA, 77",41.3789061,2.1233038,19,16
114,114,96,,,[],96,"C/ MÉNDEZ NÚÑEZ, 16",41.3900544,2.1775594,9,17
115,115,97,Museo Auto-Moto,165.0,Museum,97,"C/ ESPRONCEDA, 298",41.4158807,2.1908473,13,12
116,116,98,,,[],98,"LA RAMBLA, 80",41.3811923,2.1735007,3,15
117,117,99,Les Rambles,56.0,Art Museum,99,"AV. DIAGONAL, 634",41.3908477,2.136579,1,23
118,118,99,Mosaico Pla de l'Os,104.0,Museum,99,"AV. DIAGONAL, 634",41.3908477,2.136579,1,23
119,119,99,Big Fun Museum,126.0,Museum,99,"AV. DIAGONAL, 634",41.3908477,2.136579,1,23
120,120,99,Erotic Museum (Museu de l'Eròtica),134.0,Erotic Museum,99,"AV. DIAGONAL, 634",41.3908477,2.136579,1,23
121,121,99,Erotic Museum,139.0,Art Museum,99,"AV. DIAGONAL, 634",41.3908477,2.136579,1,23
122,122,100,,,[],100,"C/ RAMON TURRÓ, 246",41.4017084,2.2053803,25,1
123,123,101,Tienda Infame - Art Shop,115.0,Museum,101,"C/ PROVENÇA, 388-390",41.401061,2.169941,3,20
124,124,102,Palau Macaya,155.0,Science Museum,102,"C/ IRLANDA, 34",41.4315,2.18579,4,8
125,125,103,,,[],103,"C/ CALABRIA, 158",41.3821658,2.1520645,17,5
126,126,104,,,[],104,"GRAN VIA DE LES CORTS CATALANES, 1118",41.4167933,2.2058345,10,10
127,127,105,,,[],105,"C/ JANE ADDAMS, 26/ CRTA. DEL PRAT",41.3621232,2.1356187,22,11
128,128,106,,,[],106,"C/ CARTAGENA, 308",41.410314,2.1757334,6,11
129,129,107,,,[],107,"C/ PERE IV, 488",41.4148983,2.207186,7,15
130,130,108,,,[],108,"PASSATGE DE SENILLOSA, 3-5",41.3954723,2.1250451,1,24
131,131,109,,,[],109,"C/ NÀPOLS, 82",41.3941557,2.1813305,4,22
132,132,110,,,[],110,"C/ ENTENÇA, 70",41.3790954665734,2.1516210083711997,14,10
133,133,111,,,[],111,"GRAN VIA DE LES CORTS CATALANES,  981",41.4120452,2.1972673,11,9
134,134,112,,,[],112,"C/ PUJADES, 311/ FLUVIÀ",41.4070139,2.2074469,18,14
135,135,113,,,[],113,"C/ VILAMARÍ, 2",41.3755016,2.154004,7,17
136,136,114,,,[],114,"C/ BRUC, 45",41.3924661,2.1717397,2,25
137,137,115,Museo Magic World,204.0,Museum,115,"C/ FERNANDO PESSOA, 72",41.4457195,2.1929816,20,5
138,138,116,,,[],116,"C/ CONSELL DE CENT, 482",41.40013,2.1780175,13,14
139,139,117,,,[],117,"RBLA. CATALUNYA, 47",41.3902625,2.164035,8,19
140,140,118,Fundación Antoni Tàpies,137.0,Museum,118,"C/ SANT PERE MÉS ALT, 4",41.3871079,2.1753364,19,2
141,141,118,Museu del Perfum,128.0,History Museum,118,"C/ SANT PERE MÉS ALT, 4",41.3871079,2.1753364,19,2
142,142,118,Museu del Modernisme Català,165.0,Art Museum,118,"C/ SANT PERE MÉS ALT, 4",41.3871079,2.1753364,19,2
143,143,118,Casa Lleó i Morera,175.0,Monument,118,"C/ SANT PERE MÉS ALT, 4",41.3871079,2.1753364,19,2
144,144,119,Casa Dels Entremesos,165.0,Museum,119,"C/ VILADOMAT, 122",41.3808772,2.1559939,11,15
145,145,120,,,[],120,"C/ SANCHO DE ÁVILA,  104 - C/ BADAJOZ",41.4003793,2.1924144,8,22
146,146,121,,,[],121,"AV. DIAGONAL, 650",41.3897943,2.1328634,9,24
147,147,122,,,[],122,"C/ VILADOMAT,  2",41.3755747,2.1629349,24,2
148,148,123,,,[],123,"C/ CARDENAL REIG, 11",41.37684,2.114029,9,18
149,149,124,,,[],124,"C/ GARRIGA I ROCA, 2",41.4191957,2.1718497,9,4
150,150,125,,,[],125,"PG. FABRA I PUIG, 385",41.4333259,2.1629258,1,26
151,151,126,,,[],126,"C/ ROC BORONAT, 134",41.4034967,2.1936584,0,27
152,152,127,Museu Can Framis,118.0,Art Museum,127,"C/ CASTELLA,  28 / DIAGONAL",41.4056269,2.1977119,16,11
153,153,128,,,[],128,"C/ SANT PERE D´ABANTO, 2",41.371366,2.143565,29,3
154,154,129,,,[],129,"RAMBLA DEL RAVAL, 20",41.3781065,2.1696744,7,19
155,155,130,,,[],130,"PL  JOANIC - C / BRUNIQUER, 59",41.4055198,2.1622548,0,18
156,156,131,,,[],131,"C/ SANT RAMON NONAT,  26",41.3770199,2.1169828,12,9
157,157,132,,,[],132,"PG. BONANOVA, 100",41.400793,2.122889,4,20
158,158,133,,,[],133,"C/ VILLARROEL, 39",41.3821314,2.1606534,3,28
159,159,134,Santería Milagrosa,141.0,Art Museum,134,JARDINS DE CAN FERRERO/PG.DE LA ZONA FRANCA,41.357067,2.141563,7,25
160,160,135,,,[],135,"C/ LAFORJA, 74-76",41.3976165,2.1471724,2,22
161,161,136,,,[],136,"C/ SELVA DE MAR, 46",41.4091355,2.2088179,14,13
162,162,137,,,[],137,"C/ VALLMAJOR, 13",41.3981616,2.1386719,5,21
163,163,138,,,[],138,"C/ VALLESPIR, 49",41.3796421,2.1368202,11,8
164,164,139,,,[],139,AV. PARAL.LEL 164,41.3751866,2.1568773,12,5
165,165,140,,,[],140,"AV. PARAL·LEL, 146 BIS",41.3751852,2.1592394,32,6
166,166,141,,,[],141,"C/ COMERÇ, 36",41.3869612,2.1820169,6,18
167,167,142,Museu de la Xocolata,7.0,Art Museum,142,"C/ REINA VICTORIA, 31",41.3969455,2.136346,3,24
168,168,142,Convent de Sant Agustí,93.0,Museum,142,"C/ REINA VICTORIA, 31",41.3969455,2.136346,3,24
169,169,142,Picasso Museum (Museu Picasso),195.0,Museum,142,"C/ REINA VICTORIA, 31",41.3969455,2.136346,3,24
170,170,142,Laboratori de Natura,161.0,Science Museum,142,"C/ REINA VICTORIA, 31",41.3969455,2.136346,3,24
171,171,142,Fundació Joan Brossa,194.0,Art Museum,142,"C/ REINA VICTORIA, 31",41.3969455,2.136346,3,24
172,172,142,Museo de Ciencias Naturales,195.0,History Museum,142,"C/ REINA VICTORIA, 31",41.3969455,2.136346,3,24
173,173,142,Museu Martorell,198.0,Science Museum,142,"C/ REINA VICTORIA, 31",41.3969455,2.136346,3,24
174,174,142,Museu de Zoologia,198.0,Science Museum,142,"C/ REINA VICTORIA, 31",41.3969455,2.136346,3,24
175,175,142,Gas Natural Fenosa,172.0,Art Museum,142,"C/ REINA VICTORIA, 31",41.3969455,2.136346,3,24
176,176,142,Museu de Ciencies Naturals,198.0,Museum,142,"C/ REINA VICTORIA, 31",41.3969455,2.136346,3,24
177,177,143,,,[],143,"C/ ENTENÇA, 137",41.381951,2.147474,12,25
178,178,144,,,[],144,"C/ NUMÀNCIA, 2",41.381219,2.141767,0,22
179,179,145,,,[],145,"AV. DIAGONAL,  612",41.392567,2.1422174,0,23
180,180,146,,,[],146,PL. VIRREI AMAT,41.4296439,2.174444,18,13
181,181,147,,,[],147,"C/ DE MALADETA, 1",41.4315843,2.1769107,14,4
182,182,148,,,[],148,PL. PAU VILA (D),41.381046,2.186576,23,20
183,183,149,Museu d'Història de Catalunya,61.0,Museum,149,"RAMBLA PRIM, 79",41.416043,2.2124993,18,15
184,184,150,,,[],150,"C/ VALLESPIR, 130",41.3821371,2.1354149,9,17
185,185,151,,,[],151,C/ ARAGÓN 147,41.3847528,2.1546746,12,6
186,186,152,,,[],152,PL. VICENÇ MARTORELL,41.3842634,2.1692556,9,9
187,187,153,Museu de les Il·lusions,161.0,Museum,153,"C/ CASP, 67",41.3937234,2.1764275,16,15
188,188,153,MUHBA Casa de l'Aigua,149.0,Museum,153,"C/ CASP, 67",41.3937234,2.1764275,16,15
189,189,154,,,[],154,"C/ DIPUTACIÓ, 272",41.39161170092347,2.1689031978751205,0,26
190,190,155,Armeria Ravell,29.0,Museum,155,"C/ RIBES, 77",41.4001015,2.1841711,20,5
191,191,156,Museu de la Música,189.0,History Museum,156,"C/ ARAGÓ, 614",41.4095069,2.1885055,15,3
192,192,157,,,[],157,"C/ MARQUÈS DE SENTMENAT, 46",41.384972,2.1376205,2,30
193,193,158,,,[],158,"C/ SARDENYA, 326",41.4039698,2.1729061,6,23
194,194,159,Museu Basilica de la Sagrada Familia,141.0,Museum,159,"C/ LLULL, 465",41.4132316,2.2177652,25,6
195,195,159,Museu del Temple Expiatori de la Sagrada Familia,190.0,Museum,159,"C/ LLULL, 465",41.4132316,2.2177652,25,6
196,196,160,,,[],160,"C/ MÚRCIA, 64",41.4166982,2.1909952,11,16
197,197,161,,,[],161,"AV. PARAL.LEL, 54",41.3751145,2.1709386,11,5
198,198,162,,,[],162,"C/ FERNANDO PESSOA, 41",41.4420913,2.1928992,13,13
199,199,163,,,[],163,"C/ BAC DE RODA, 157",41.4113024,2.1987258,17,4
200,200,164,,,[],164,"C/ FULTON, 1",41.4297231,2.1617032,2,18
201,201,165,,,[],165,"C/ SANT ADRIÀ, 43",41.4352071,2.1948002,9,15
202,202,166,,,[],166,"C/ PERE IV,  301 / FLUVIÀ",41.4093405,2.2024461,14,13
203,203,167,Muhba Oliva Artés,138.0,History Museum,167,SEU DEL DISTRICTE (NOU BARRIS),41.4363473,2.1706752,2,21
204,204,168,,,[],168,"C/ PROVENÇA, 322",41.3967524,2.1646338,1,19
205,205,169,Casa Terrades,139.0,Monument,169,"C/ ROSSELLÓ, 557",41.4110754,2.1809764,32,0
206,206,170,,,[],170,"C/ DE ROSSELLÓ I PORCEL, 1/AV.MERIDIANA",41.4364887,2.1841014,2,29
207,207,171,,,[],171,"AV. MARQUÉS DE  L'ARGENTERA, 15",41.384844,2.185085,5,22
208,208,172,MUHBA Santa Caterina,74.0,Museum,172,"GRAN VIA DE LES CORTS CATALANES, 1157 (D)",41.4194972,2.20934,23,29
209,209,172,Suau,170.0,Art Museum,172,"GRAN VIA DE LES CORTS CATALANES, 1157 (D)",41.4194972,2.20934,23,29
210,210,173,,,[],173,"GRAN VIA DE LES CORTS CATALANES, 902",41.4075013,2.1930174,13,2
211,211,174,,,[],174,RAMBLA CATALUNYA/DIPUTACIO,41.3896967,2.1652199,0,23
212,212,175,Museo Adidas & Messi,137.0,Museum,175,"C/ CIUTAT D'ASUNCIÓN, 73 / POTOSÍ",41.4431441,2.1996045,15,12
213,213,175,Museu del Modernisme Català,176.0,Art Museum,175,"C/ CIUTAT D'ASUNCIÓN, 73 / POTOSÍ",41.4431441,2.1996045,15,12
214,214,175,Museu del Perfum,168.0,History Museum,175,"C/ CIUTAT D'ASUNCIÓN, 73 / POTOSÍ",41.4431441,2.1996045,15,12
215,215,175,Casa Lleó i Morera,179.0,Monument,175,"C/ CIUTAT D'ASUNCIÓN, 73 / POTOSÍ",41.4431441,2.1996045,15,12
216,216,176,,,[],176,"C/ ARAGÓ, 659 /NAVAS DE TOLOSA",41.4120681,2.1907524,22,4
217,217,177,,,[],177,"AV. MARQUÉS DE L'ARGENTERA,  3",41.383597,2.184171,13,7
218,218,178,Capella del Santissim Sacrament,163.0,Museum,178,"C/ DEL DR. AIGUADER, 72 / PG. SALVAT PAPASSEIT",41.3838369,2.1914756,4,21
219,219,178,MUHBA Santa Caterina,137.0,Museum,178,"C/ DEL DR. AIGUADER, 72 / PG. SALVAT PAPASSEIT",41.3838369,2.1914756,4,21
220,220,178,Real Academia de Bellas Artés de San Jorge,192.0,Art Museum,178,"C/ DEL DR. AIGUADER, 72 / PG. SALVAT PAPASSEIT",41.3838369,2.1914756,4,21
221,221,178,Suau,165.0,Art Museum,178,"C/ DEL DR. AIGUADER, 72 / PG. SALVAT PAPASSEIT",41.3838369,2.1914756,4,21
222,222,179,La Fábrica del Sol,165.0,Museum,179,"AV. RIO DE JANEIRO, 96",41.439692,2.182335,6,18
223,223,179,Gas Natural Fenosa,126.0,Art Museum,179,"AV. RIO DE JANEIRO, 96",41.439692,2.182335,6,18
224,224,180,,,[],180,"C/ DEL COMTE D'URGELL, 75 B",41.3830299,2.1571646,8,17
225,225,181,,,[],181,"C/ ROCAFORT, 187",41.38322238887374,2.147993191629656,7,18
226,226,182,,,[],182,"C/ SANTA AMÈLIA, 2",41.3935355,2.1231228,0,27
227,227,183,,,[],183,"AV. JOAN XXIII, 17",41.383467,2.122175,4,16
228,228,184,Museu de la Farmàcia Catalana,149.0,Science Museum,184,"C/ GRAN CAPITÀ, 9",41.3881262,2.1091535,2,26
229,229,185,,,[],185,"C/ NOU DE LA RAMBLA, 164",41.3719688,2.1667829,22,5
230,230,186,Museu d'Història de Barcelona - Centre d'Interpretació Històrica del Refugi 307,29.0,Museum,186,"C/ COMTE BORRELL, 198",41.3854003,2.1521802,7,19
231,231,186,Refugi 307,48.0,Monument,186,"C/ COMTE BORRELL, 198",41.3854003,2.1521802,7,19
232,232,187,,,[],187,"LA RAMBLA, 2 (MUSEO DE CERA)",41.377187,2.176757,23,2
233,233,188,Museo de Cera de Barcelona - MUCESA,41.0,Art Museum,188,"C/ PALLARS, 504",41.4140598,2.2150487,17,7
234,234,188,Wax museum,44.0,Art Museum,188,"C/ PALLARS, 504",41.4140598,2.2150487,17,7
235,235,188,Museo Marítimo de Barcelona,173.0,Art Museum,188,"C/ PALLARS, 504",41.4140598,2.2150487,17,7
236,236,188,Columbus Monument,172.0,Art Museum,188,"C/ PALLARS, 504",41.4140598,2.2150487,17,7
237,237,188,Arts Santa Mònica,61.0,Art Gallery,188,"C/ PALLARS, 504",41.4140598,2.2150487,17,7
238,238,188,Galería Ferrán Cano,911.0,Art Gallery,188,"C/ PALLARS, 504",41.4140598,2.2150487,17,7
239,239,189,,,[],189,"C/ CÒRSEGA, 216",41.3917666,2.1532163,18,14
240,240,190,Guides & Culture,192.0,Museum,190,"C / GIRONA, 176",41.3999967,2.1644531,1,23
241,241,191,,,[],191,"C/ GALLEGO, 2",41.3785631,2.1202487,15,8
242,242,192,,,[],192,"C/ CAPONATA, 20",41.3953855,2.1210928,2,25
243,243,193,Museu Etnogràfic Andino - Amazònic,165.0,History Museum,193,"C/ DE LES ESCOLES PIES, 99",41.4029965,2.1283866,1,25
244,244,194,,,[],194,"C/ MIREIA, 28",41.4513863,2.1894717,7,8
245,245,195,,,[],195,"C/ DOCTOR AIGUADER, 2",41.382335,2.187093,5,10
246,246,196,Museu d'Història de Catalunya,203.0,Museum,196,"AV. LITORAL, 172",41.3919877,2.2037136,18,34
247,247,197,,,[],197,"270 - CRTA. DE RIBES, 77 (TRINITAT VELLA)",41.4486328,2.1898372,12,15
248,248,198,,,[],198,"C/ CANTÀBRIA, 55",41.4224015,2.198071,6,17
249,249,199,,,[],199,"C/ CONCEPCIÓ ARENAL, 281",41.4325013,2.1842021,16,9
250,250,200,,,[],200,"C/ DURAN I BAS, 2",41.3854094,2.1740155,12,12
251,251,201,The Gaudí Exhibition Center,180.0,Art Museum,201,"AV. DIAGONAL, 652",41.389462,2.1314948,0,27
252,252,201,Museo Dalí Escultor. Edificio Real Círculo Artístico,88.0,Museum,201,"AV. DIAGONAL, 652",41.389462,2.1314948,0,27
253,253,201,Via Sepulcral Romana,190.0,Monument,201,"AV. DIAGONAL, 652",41.389462,2.1314948,0,27
254,254,201,Museu Diocesà de Barcelona,183.0,History Museum,201,"AV. DIAGONAL, 652",41.389462,2.1314948,0,27
255,255,201,Museo Diocesano de Barcelona,193.0,History Museum,201,"AV. DIAGONAL, 652",41.389462,2.1314948,0,27
256,256,201,Reial Cercle Artístic de Barcelona,98.0,Concert Hall,201,"AV. DIAGONAL, 652",41.389462,2.1314948,0,27
257,257,202,,,[],202,"C/ MEJÍA LEQUERICA, 2",41.3819739,2.1268625,12,15
258,258,203,,,[],203,"C/ ROSSELLÓ,  101",41.3879131,2.150342,2,17
259,259,204,,,[],204,"C/ JORDI GIRONA, 29",41.3881175,2.1154135,10,18
260,260,205,Museu Tèxtil i D'Indumentària,178.0,History Museum,205,"C/ ARAGÓ, 288",41.39352,2.166797,2,16
261,261,206,Fundacio Privada Arqueologica Jordi Clos,144.0,History Museum,206,"C/ GRANADELLA, 10-19 | C/ SAS",41.4383117,2.2039823,9,9
262,262,206,Museo Egipcio de Barcelona,170.0,History Museum,206,"C/ GRANADELLA, 10-19 | C/ SAS",41.4383117,2.2039823,9,9
263,263,207,,,[],207,"C/ SARDENYA, 402",41.4072349,2.1684799,6,20
264,264,208,,,[],208,"C / PROVENÇA, 241",41.3938861,2.1601641,0,18
265,265,209,Fundacio Museu D'historia de la Medicina de Catalunya,152.0,Museum,209,"GRAN VIA DE LES CORTS CATALANES, 368",41.3743329,2.1479385,15,10
266,266,209,Casa Ramon Casas,190.0,Monument,209,"GRAN VIA DE LES CORTS CATALANES, 368",41.3743329,2.1479385,15,10
267,267,210,,,[],210,"RAMBLA CATALUNYA, 133 /  CÒRSEGA",41.3953894,2.1572953,1,23
268,268,211,Fundacio Durancamps-Casas,146.0,Museum,211,"C/ LONDRES, 101-103",41.3936144,2.1507739,3,15
269,269,211,Palau Robert,187.0,Art Gallery,211,"C/ LONDRES, 101-103",41.3936144,2.1507739,3,15
270,270,212,Guides & Culture,114.0,Museum,212,"C/ SANT ANTONI Mª CLARET, 290-296",41.4138664,2.1777274,14,10
271,271,213,,,[],213,"C/ DOCTOR ROUX, 86",41.3998981,2.1281922,14,13
272,272,214,Museo Clar,133.0,Museum,214,RECINTE PARC DE LA CIUTADELLA,41.3873901,2.1875446,14,13
273,273,215,,,[],215,"AV. DIAGONAL, 668",41.3887069,2.1285766,0,30
274,274,216,,,[],216,"C/ CASTELLNOU, 65",41.3970497,2.1279409,21,10
275,275,217,,,[],217,"PL. CATALUNYA, 5",41.387235,2.168819,1,22
276,276,218,MUHBA Casa de l'Aigua,193.0,Museum,218,"PG. FABRA I PUIG, 344",41.430623,2.1671068,6,10
277,277,219,,,[],219,"C/ BRUC, 130",41.3969839,2.1661852,8,19
278,278,220,,,[],220,"C/ CASTILLEJOS, 258",41.4064529,2.1785364,8,13
279,279,221,,,[],221,"C/ SANT ISCLE, 60",41.433384,2.1716309,10,15
280,280,222,,,[],222,"C/ RAMÓN TURRÓ, 160",41.3972809,2.1997869,17,10
281,281,223,,,[],223,"C/ DE BONAVISTA, 14",41.3983444,2.1598243,0,32
282,282,224,,,[],224,"C/ CONCEPCIÓ ARENAL, 176",41.4268952,2.1842572,13,11
283,283,225,,,[],225,"RAMBLA DEL RAVAL, 13",41.3793558,2.1689592,21,2
284,284,226,Museu del Barça,155.0,Museum,226,"C/ PERIODISTES, 9",41.422037,2.174401,14,3
285,285,226,Gas Natural Fenosa,135.0,Art Museum,226,"C/ PERIODISTES, 9",41.422037,2.174401,14,3
286,286,226,Biblioteca de Catalunya - Museu del Llibre Frederic Marès,185.0,Museum,226,"C/ PERIODISTES, 9",41.422037,2.174401,14,3
287,287,226,La Capella,206.0,Arts and Entertainment,226,"C/ PERIODISTES, 9",41.422037,2.174401,14,3
288,288,227,,,[],227,"C/ TUCUMÁN, 21",41.4457962,2.2010422,7,16
289,289,228,,,[],228,"AV. ICÀRIA, 202",41.3942108,2.2008756,12,15
290,290,229,,,[],229,"C/ PAVIA, 3",41.3734706,2.1332694,24,2
291,291,230,,,[],230,"C/ LLACUNA, 86",41.4022657,2.1976297,24,6
292,292,231,,,[],231,"C/ CAVALLERS, 41",41.3906352,2.111541,7,25
293,293,232,,,[],232,"C/ ROSSELLÓ, 453",41.4060589,2.1740472,7,19
294,294,233,,,[],233,"C/ GARCILASO, 77",41.4228449,2.1866363,1,16
295,295,234,,,[],234,"C/ PORTO, 35 | AV. ESTATUT DE CATALUNYA",41.4306102,2.1564551,14,12
296,296,235,,,[],235,"C/ PUJADES, 57B",41.3958685,2.192952,17,10
297,297,236,,,[],236,"C/ MARINA, 199",41.4005784,2.1788855,12,24
298,298,237,,,[],237,"RAMBLA  DE GUIPÚSCOA, 158/ CA N'OLIVA",41.4227912,2.2060317,25,2
299,299,238,,,[],238,"C/ DE CERVELLÓ, 5",41.3765618,2.1748621,17,7
300,300,239,Museo Marítimo de Barcelona,118.0,Art Museum,239,"C/ DIPUTACIÓ, 22",41.377846,2.150523,5,16
301,301,239,Restaurante del Museo Marítimo,161.0,Museum,239,"C/ DIPUTACIÓ, 22",41.377846,2.150523,5,16
302,302,239,Arts Santa Mònica,120.0,Art Gallery,239,"C/ DIPUTACIÓ, 22",41.377846,2.150523,5,16
303,303,240,Montjuic (Barcelona),169.0,Art Museum,240,"C/ DE BARTRINA, 14",41.4391174,2.1858025,16,6
304,304,241,,,[],241,"PL. DELS JARDINS D'ALFÀBIA, 1",41.4373376,2.1740962,6,11
305,305,242,,,[],242,"C/ NOU BARRIS, 23",41.4480464,2.1775154,9,9
306,306,243,,,[],243,"PG. DE GRÀCIA, 89",41.3949729,2.1612814,0,31
307,307,244,Centre Cultural Caixa Catalunya,52.0,Museum,244,"C/ FLORIDABLANCA, 145",41.3819459,2.1629146,7,14
308,308,244,Generalitat de Catalunya,202.0,History Museum,244,"C/ FLORIDABLANCA, 145",41.3819459,2.1629146,7,14
309,309,244,Casa Ramon Casas,41.0,Monument,244,"C/ FLORIDABLANCA, 145",41.3819459,2.1629146,7,14
310,310,244,Palau Robert,211.0,Art Gallery,244,"C/ FLORIDABLANCA, 145",41.3819459,2.1629146,7,14
311,311,245,,,[],245,"C/ VILLARROEL, 208",41.392052,2.1480223,0,29
312,312,246,Museu i Centre d'Estudis de l'Esport Doctor Melcior Colet,94.0,Museum,246,"AV. DIAGONAL, 602",41.392878,2.143411,0,21
313,313,247,,,[],247,"C/ TARRAGONA,  159-173",41.3787064,2.1443579,6,16
314,314,248,,,[],248,"C/ BRUC, 20",41.3908381,2.1743743,15,9
315,315,249,Museo Magic World,99.0,Museum,249,"C/ MALATS, 28-30",41.4361251,2.1894423,14,17
316,316,250,,,[],250,"LA RAMBLA, 101",41.3826647,2.1717083,2,24
317,317,251,Institut de Cultura de Barcelona,16.0,Museum,251,"GRAN VIA DE LES CORTS CATALANES,  1062",41.4139298,2.2017955,7,21
318,318,251,Erotic Museum (Museu de l'Eròtica),87.0,Erotic Museum,251,"GRAN VIA DE LES CORTS CATALANES,  1062",41.4139298,2.2017955,7,21
319,319,251,Big Fun Museum,97.0,Museum,251,"GRAN VIA DE LES CORTS CATALANES,  1062",41.4139298,2.2017955,7,21
320,320,251,Erotic Museum,88.0,Art Museum,251,"GRAN VIA DE LES CORTS CATALANES,  1062",41.4139298,2.2017955,7,21
321,321,251,Via Sepulcral Romana,195.0,Monument,251,"GRAN VIA DE LES CORTS CATALANES,  1062",41.4139298,2.2017955,7,21
322,322,251,Museu de les Il·lusions,160.0,Museum,251,"GRAN VIA DE LES CORTS CATALANES,  1062",41.4139298,2.2017955,7,21
323,323,251,Palau de la Virreina,19.0,Art Gallery,251,"GRAN VIA DE LES CORTS CATALANES,  1062",41.4139298,2.2017955,7,21
324,324,252,,,[],252,"C/ ALTS FORNS, 77",41.3595484,2.1417765,20,12
325,325,253,,,[],253,"C/ JOAN GÜELL, 98",41.3812001,2.1323612,13,10
326,326,254,,,[],254,"C/ DE L'ESCULTOR ORDÓÑEZ, 55",41.4340849,2.1748267,21,5
327,327,255,,,[],255,"AV. DIAGONAL, 630",41.3915195,2.1390667,4,28
328,328,256,,,[],256,"C/ PAU ALSINA, 54",41.4092005,2.16400285,14,10
329,329,257,,,[],257,"PG. FONT D´EN- FARGAS, 1",41.4275514,2.1659881,4,22
330,330,258,,,[],258,"AV. FRANCESC CAMBÓ, 10",41.3855644,2.1773214,9,13
331,331,259,Casa Dels Entremesos,74.0,Museum,259,"C/ JOAN D'ÀUSTRIA, 31B",41.392384,2.1925059,16,11
332,332,259,Museu Frederic Marès,134.0,Museum,259,"C/ JOAN D'ÀUSTRIA, 31B",41.392384,2.1925059,16,11
333,333,259,Museu d'Història de Barcelona,175.0,History Museum,259,"C/ JOAN D'ÀUSTRIA, 31B",41.392384,2.1925059,16,11
334,334,259,The Gaudí Exhibition Center,165.0,Art Museum,259,"C/ JOAN D'ÀUSTRIA, 31B",41.392384,2.1925059,16,11
335,335,259,Museu Diocesà de Barcelona,152.0,History Museum,259,"C/ JOAN D'ÀUSTRIA, 31B",41.392384,2.1925059,16,11
336,336,259,Museo Diocesano de Barcelona,148.0,History Museum,259,"C/ JOAN D'ÀUSTRIA, 31B",41.392384,2.1925059,16,11
337,337,259,Botiga el Rey de la Magia - Museu de la Màgia,180.0,Museum,259,"C/ JOAN D'ÀUSTRIA, 31B",41.392384,2.1925059,16,11
338,338,260,,,[],260,"PG. FABRA I PUIG, 411",41.4357978,2.163872,2,25
339,339,261,Museu Africà Daniel Comboni,116.0,Museum,261,PLAÇA ALFONS X EL SAVI / RONDA DEL GUINARDO,41.4121345,2.1652216,10,17
340,340,262,,,[],262,"C/ PROVENÇA, 595",41.4105848,2.1826833,21,0
341,341,263,Io planetaris,189.0,Planetarium,263,PG. DE COLOM (LES RAMBLES),41.37652,2.17881,31,2
342,342,264,Museo de Cera de Barcelona - MUCESA,148.0,Art Museum,264,"VIA FAVÈNCIA, 186",41.4427374,2.170393,4,20
343,343,264,Columbus Monument,128.0,Art Museum,264,"VIA FAVÈNCIA, 186",41.4427374,2.170393,4,20
344,344,264,Wax museum,185.0,Art Museum,264,"VIA FAVÈNCIA, 186",41.4427374,2.170393,4,20
345,345,264,Galería Ferrán Cano,1095.0,Art Gallery,264,"VIA FAVÈNCIA, 186",41.4427374,2.170393,4,20
346,346,265,,,[],265,"AV. JOSEP TARRADELLAS, 27",41.3829333,2.1420704,7,13
347,347,266,,,[],266,"GRAN VIA DE LES CORTS CATALANES, 368",41.3741093,2.1481993,10,10
348,348,267,,,[],267,"GRAN  VIA DE LES CORTS CATALANES, 375-385",41.3757914,2.1499102,14,34
349,349,268,Montjuic (Barcelona),194.0,Art Museum,268,"RONDA SANT PAU, 79",41.3783467,2.1633139,25,0
350,350,269,,,[],269,"C/ COMTE D'URGELL, 43",41.3812504,2.1594741,14,19
351,351,270,Santería Milagrosa,104.0,Art Museum,270,"AV. LITORAL, 72",41.3961412,2.2078439,23,4
352,352,271,,,[],271,"AV. PARAL.LEL, 132",41.3750995,2.1613897,28,2
353,353,272,,,[],272,"C/ MARIE CURIE, 8-14",41.4366871,2.1693134,17,10
354,354,273,,,[],273,"VIA BARCINO, 121",41.448152,2.19294,20,3
355,355,274,,,[],274,"C/ PABLO IGLESIAS, 21",41.443387,2.1813051,8,21
356,356,275,,,[],275,"C/ CAMÈLIES, 73",41.4134503,2.1631012,0,0
357,357,276,,,[],276,"C/ MARINA, 25-33",41.3881248,2.1951871,8,45
358,358,277,,,[],277,"C/ RAMON TRIAS FARGAS, 21",41.3902194,2.1904003,25,22
359,359,278,,,[],278,"C/ SANT RAMON DE PENYAFORT, 1",41.4134833,2.2206913,30,22
360,360,279,,,[],279,"C/ GRAN DE LA SAGRERA, 74",41.4230551,2.1913753,16,10
361,361,280,,,[],280,"PG. DE GARCIA FÀRIA, 85",41.4053649,2.2162094,8,19
362,362,281,,,[],281,SELVA DE MAR / PG. DEL TAULAT,41.4053697,2.2135818,23,3
363,363,282,,,[],282,"C/ JOAN MIRÓ, 2-12",41.3890253,2.1968267,11,20
364,364,283,,,[],283,"C/ BAILÉN, 100",41.396994,2.1706323,4,28
365,365,284,Museu del Clavegueram,149.0,History Museum,284,"PL. CATALUNYA, 10-11 (PG. DE GRÀCIA)",41.387696,2.1696543,0,18
366,366,285,,,[],285,"C/ GRAN DE GRÀCIA, 91",41.4006862,2.1543317,0,19
367,367,286,,,[],286,"C/ BAC DE RODA, 11",41.4023354,2.2105777,16,5
368,368,287,,,[],287,"AV. ROMA,  136",41.3852585,2.155089,7,13
369,369,288,,,[],288,"AV. DOCTOR MARAÑON, 25 | C/ PAU GARGALLO",41.383585,2.112186,4,23
370,370,289,,,[],289,"C/ RIUS I TAULET, 4",41.3727426,2.1539198,15,12
371,371,290,Espai Bombers Parc de la Prevenció,115.0,Museum,290,"RAMBLA DE GUIPÚSCOA, 103 /CANTÀBRIA",41.4200135,2.2016699,10,13
372,372,290,Punt d'Ancoratge de Bicicletes Guàrdia Urbana,85.0,Museum,290,"RAMBLA DE GUIPÚSCOA, 103 /CANTÀBRIA",41.4200135,2.2016699,10,13
373,373,291,,,[],291,PL.VALENTÍ ALMIRALL,41.4084796,2.192042,19,5
374,374,292,,,[],292,"AV. MARQUÉS DE L'ARGENTERA,13",41.384546,2.184922,11,14
375,375,293,MUHBA Santa Caterina,60.0,Museum,293,"C/ INDÚSTRIA, 329",41.4172922,2.1844769,24,1
376,376,293,Suau,159.0,Art Museum,293,"C/ INDÚSTRIA, 329",41.4172922,2.1844769,24,1
377,377,294,,,[],294,"C/ MÚRCIA, 1",41.4143392,2.1874539,12,8
378,378,295,,,[],295,"PG. D'ENRIC SANCHIS, 33",41.4339212,2.2062245,18,8
379,379,296,,,[],296,"GRAN DE GRÀCIA, 155 (METRO FONTANA)",41.4025392,2.1524704,2,20
380,380,297,,,[],297,"C/ ALEXANDRE GALÍ, 1-5",41.4239719,2.1812399,24,2
381,381,298,Museo de Artes y Tradiciones Populares,136.0,Museum,298,"C/ SARDENYA, 292",41.4016969,2.175767,16,2
382,382,299,Museu del Temple Expiatori de la Sagrada Familia,197.0,Museum,299,"C/ MAS CASANOVAS, 137",41.4158995,2.1745567,5,21
383,383,300,,,[],300,PL. UNIVERSITAT,41.385503,2.1634768,1,21
384,384,301,Gerard Ribó Tantric Master,197.0,Erotic Museum,301,PL. UNIVERSITAT /  ARIBAU,41.3856474,2.1634306,1,26
385,385,302,Gerard Ribó Tantric Master,198.0,Erotic Museum,302,"C/ CUBELLES, 2",41.426078,2.1751572,19,8
386,386,303,,,[],303,"C/ HONDURAS, 32-34",41.4202459,2.1894852,17,13
387,387,304,,,[],304,PL. POETA BOSCÀ | C/ ATLÀNTIDA,41.379326,2.189906,8,14
388,388,305,,,[],305,"PG. VALLDAURA, 26",41.4374904,2.1565742,15,12
389,389,306,,,[],306,"C/ NÀPOLS, 183",41.3981669,2.1754896,3,22
390,390,307,,,[],307,"C/ VIRIAT, 43",41.3806074,2.1408633,5,13
391,391,308,,,[],308,"C/ JOAN GÜELL, 174",41.3839045,2.1312876,3,20
392,392,309,,,[],309,"CARRER DEL CINCA, 7",41.4356895,2.1920873,4,21
393,393,310,,,[],310,"C/ DIPUTACIÓ, 373",41.3968391,2.1756598,6,20
394,394,311,,,[],311,"C/ WATT, 2",41.3754426,2.1398409,13,3
395,395,312,,,[],312,"C/ ALT DE GIRONELLA, 13",41.3949601,2.1302775,2,20
396,396,313,,,[],313,"C/ PAU ALCOVER, 94",41.401883,2.131524,4,23
397,397,314,,,[],314,"AV. CAN MARCET, 36",41.4347859,2.147904,10,17
398,398,315,,,[],315,"PG. UNIVERSAL, 29 | C/ DOCTOR LETAMENDI",41.4372022,2.1620235,2,17
399,399,316,Museu Africà Daniel Comboni,166.0,Museum,316,"PG. VALL D'HEBRÓN, 80",41.419965,2.1401823,5,19
400,400,317,,,[],317,"C/ SANT FRANCESC XAVIER, 1",41.4417001,2.1781553,4,13
401,401,318,,,[],318,"C/ PALAMÓS, 33",41.446923,2.184857,8,20
402,402,319,,,[],319,"C/ VILADOMAT, 200",41.38481021146711,2.1508071246452154,5,18
403,403,320,,,[],320,"C/ FLORIDABLANCA, 49",41.3776721,2.157233,12,7
404,404,321,,,[],321,"PG. DE GARCIA FÀRIA, 21/ESPRONCEDA",41.400654,2.210191,3,24
405,405,322,,,[],322,PG.DE COLOM (LES RAMBLES),41.376433,2.17871,18,20
406,406,323,Museo de Cera de Barcelona - MUCESA,146.0,Art Museum,323,"C/ SARDENYA,  178",41.3967169,2.1825085,12,26
407,407,323,Columbus Monument,115.0,Art Museum,323,"C/ SARDENYA,  178",41.3967169,2.1825085,12,26
408,408,323,Wax museum,184.0,Art Museum,323,"C/ SARDENYA,  178",41.3967169,2.1825085,12,26
409,409,323,Galería Ferrán Cano,1093.0,Art Gallery,323,"C/ SARDENYA,  178",41.3967169,2.1825085,12,26
410,410,324,,,[],324,"C/ CIUTAT DE GRANADA, 168 | AV. DIAGONAL",41.404511,2.189881,0,20
411,411,325,,,[],325,"C/ INDEPENDÈNCIA, 379",41.4118378,2.1778852,9,16
412,412,326,,,[],326,"C/ PROVENÇA, 445",41.4048623,2.174799,7,6
413,413,327,Museu del Temple Expiatori de la Sagrada Familia,164.0,Museum,327,"C/ GÒNGORA, 23",41.4432762,2.1746238,7,17
414,414,328,,,[],328,"C/ VALLESPIR, 194",41.3847113,2.1334379,3,23
415,415,329,,,[],329,"AV. SARRIÀ, 163",41.3922355,2.1309272,13,10
416,416,330,,,[],330,C/ MUNNÉ  2-6,41.37541,2.1232547,19,10
417,417,331,,,[],331,"PG. DE GRÀCIA, 61",41.393062,2.1633226,16,17
418,418,332,Paseo de Gracia,43.0,Art Museum,332,"C/ 60, NÚMERO 25",41.3467746,2.1436235,11,32
419,419,332,Fundacio Privada Arqueologica Jordi Clos,150.0,History Museum,332,"C/ 60, NÚMERO 25",41.3467746,2.1436235,11,32
420,420,332,Fundación Antoni Tàpies,180.0,Museum,332,"C/ 60, NÚMERO 25",41.3467746,2.1436235,11,32
421,421,332,Museo Egipcio de Barcelona,134.0,History Museum,332,"C/ 60, NÚMERO 25",41.3467746,2.1436235,11,32
422,422,333,Barcelona Bus Turístic,82.0,Art Museum,333,PG. DE COLOM (VIA LAIETANA),41.380628,2.1821917,14,17
423,423,334,Hemp Museum Gallery,166.0,Museum,334,"C/ JOHN MAYNARD KEYNES, 2 | AV. DIAGONAL",41.3862258,2.1168609,8,33
424,424,334,Palau Mornau,175.0,Museum,334,"C/ JOHN MAYNARD KEYNES, 2 | AV. DIAGONAL",41.3862258,2.1168609,8,33
425,425,334,Real Academia de Bellas Artés de San Jorge,185.0,Art Museum,334,"C/ JOHN MAYNARD KEYNES, 2 | AV. DIAGONAL",41.3862258,2.1168609,8,33
426,426,335,Museo de las Artes Decorativas de Barcelona,154.0,Art Museum,335,"AV. JOSEP VICENÇ FOIX, 63",41.3977227,2.1194557,19,17
427,427,335,Institut de Cultura de Barcelona,168.0,Museum,335,"AV. JOSEP VICENÇ FOIX, 63",41.3977227,2.1194557,19,17
428,428,336,,,[],336,"C/ TORRENT DE L'OLLA, 11",41.3989713,2.1606736,1,25
429,429,337,,,[],337,"C/ FÍGOLS, 1",41.3812979,2.1289917,8,16
430,430,338,,,[],338,"C/ DOS DE MAIG, 230-232",41.4071692,2.1820722,14,2
431,431,339,,,[],339,"C/ VILLENA, 1",41.38860659692564,2.1921945084594707,14,40
432,432,340,,,[],340,"C/ ELISA, 1",41.4052698,2.1420204,4,12
433,433,341,,,[],341,"C/ ARTESA DE SEGRE, 2",41.402988,2.1344691,15,11
434,434,342,Museo Minerales Colegio la Salle Bonanova,186.0,Science Museum,342,"AV. RIO DE JANEIRO, 118",41.442489,2.185727,13,15
435,435,343,Armeria M. Roca,108.0,Museum,343,"C/ PARE MARIANA, 24",41.4306689,2.1456449,9,18
436,436,344,Federacio Catalana de Tennis,781.0,Museum,344,"C/ DELS ENAMORATS, 49",41.4040525,2.181199,32,4
437,437,345,,,[],345,"C/ NÀPOLS, 344",41.4054458,2.1663172,16,8
438,438,346,,,[],346,"C/ VILAMARÍ, 85",41.3807072,2.1468381,11,14
439,439,347,,,[],347,"C/ DIPUTACIÓ, 200",41.3857425,2.1610515,0,25
440,440,348,,,[],348,CAMPANA DE LA MAQUINISTA (SAO PAULO I PL. DE,41.4389609,2.1996179,10,17
441,441,349,,,[],349,"C/ SANT ADRIÀ, 2-8",41.433934,2.1896502,10,13
442,442,350,MUHBA a Fabra i Coats,95.0,History Museum,350,"C/ VILADOMAT, 244",41.3875712,2.1469336,30,1
443,443,351,,,[],351,"C/ BALMES, 409",41.4074131,2.1381069,6,25
444,444,352,,,[],352,"C/ REUS, 23",41.4050074,2.134603,2,20
445,445,353,Museo Minerales Colegio la Salle Bonanova,46.0,Science Museum,353,"C/ ESTEVE TERRADAS, 42",41.4144967,2.1402433,2,23
446,446,354,,,[],354,"PTGE. MALUQUER, 16",41.4095489,2.1360313,1,25
447,447,355,,,[],355,"C/ SANCHO DE ÁVILA, 60-64",41.3987543,2.1902116,12,15
448,448,356,,,[],356,"C/ ALMOGÀVERS, 63",41.3943033,2.1860256,19,6
449,449,357,Gas Natural Fenosa,153.0,Art Museum,357,"C/ MONTMANY, 1",41.4035608,2.1609345,0,25
450,450,358,,,[],358,"VIA FAVÈNCIA, 47",41.4418604,2.1664224,11,12
451,451,359,,,[],359,"C/ RAMON TRIAS FARGAS, 23",41.3889972,2.1923283,17,21
452,452,360,,,[],360,"PG. FABRA I PUIG, 449",41.4388644,2.1657506,7,23
453,453,361,,,[],361,"C/ DE SANT PAU, 119/ RONDA SANT PAU",41.3754047,2.1680021,16,7
454,454,362,,,[],362,"C/ DE LA SANTACREU, 2 (PL.DE LA VIRREINA)",41.4050968,2.1569161,0,25
455,455,363,Museu Casa Verdaguer,48.0,Museum,363,"PORTAL DE SANTA MADRONA, 2-4",41.3770715,2.1758261,9,18
456,456,364,Museo de Cera de Barcelona - MUCESA,119.0,Art Museum,364,PG. MARÍTIM DE LA BARCELONETA/ANDREA DÒRIA,41.380955,2.1934636,25,9
457,457,364,Museo Marítimo de Barcelona,142.0,Art Museum,364,PG. MARÍTIM DE LA BARCELONETA/ANDREA DÒRIA,41.380955,2.1934636,25,9
458,458,364,Wax museum,113.0,Art Museum,364,PG. MARÍTIM DE LA BARCELONETA/ANDREA DÒRIA,41.380955,2.1934636,25,9
459,459,364,Restaurante del Museo Marítimo,192.0,Museum,364,PG. MARÍTIM DE LA BARCELONETA/ANDREA DÒRIA,41.380955,2.1934636,25,9
460,460,364,Arts Santa Mònica,22.0,Art Gallery,364,PG. MARÍTIM DE LA BARCELONETA/ANDREA DÒRIA,41.380955,2.1934636,25,9
461,461,365,,,[],365,"PL. JOAQUIM XIRAU I PALAU, 1",41.3785379,2.1767427,16,4
462,462,366,Museo de Cera de Barcelona - MUCESA,157.0,Art Museum,366,"C/ VILLAR, 2",41.4164824,2.1801094,12,18
463,463,366,Wax museum,115.0,Art Museum,366,"C/ VILLAR, 2",41.4164824,2.1801094,12,18
464,464,366,Galería Ferrán Cano,835.0,Art Gallery,366,"C/ VILLAR, 2",41.4164824,2.1801094,12,18
465,465,366,Arts Santa Mònica,159.0,Art Gallery,366,"C/ VILLAR, 2",41.4164824,2.1801094,12,18
466,466,367,Espai Alchemika,182.0,Art Museum,367,"C/RADI,10/GRAN VIA DE LES CORTS CATALANES",41.363279,2.1341586,12,16
467,467,368,,,[],368,"GRAN VIA DE LES CORTS CATALANES, 592",41.3863747,2.1646697,3,29
468,468,369,Gerard Ribó Tantric Master,104.0,Erotic Museum,369,"C/ CRISTOBAL DE MOURA, 84",41.410712,2.2061691,16,10
469,469,369,Museo geológico del Seminario de Barcelona,188.0,Science Museum,369,"C/ CRISTOBAL DE MOURA, 84",41.410712,2.2061691,16,10
470,470,370,,,[],370,"C/ GOMBAU, 24",41.3872437,2.1793035,8,18
471,471,371,Convent de Sant Agustí,169.0,Museum,371,"C/ CASANOVA, 55",41.3847738,2.1592566,10,16
472,472,371,Gas Natural Fenosa,129.0,Art Museum,371,"C/ CASANOVA, 55",41.3847738,2.1592566,10,16
473,473,372,,,[],372,"AV. RASOS DE PEGUERA, 10",41.462095,2.178959,6,13
474,474,373,,,[],373,"C/ BERLÍN, 38",41.3832609,2.1392662,3,23
475,475,374,,,[],374,C/ JOSEP SAMITIER / JOAN XXIII,41.3812111,2.1190863,3,22
476,476,375,Futbol Club Barcelona,195.0,Museum,375,"VIA BARCINO, 69",41.4506081,2.1923629,9,11
477,477,376,,,[],376,"RBLA. BADAL, 73 | C/ CONSTITUCIÓ",41.3685394,2.1328403,15,2
478,478,377,,,[],377,"C/ ROSSELLÓ, 354",41.4031491,2.1707947,4,25
479,479,378,,,[],378,"C/ DOCTOR SALVADOR CARDENAL, 1-5",41.3853868,2.122893,3,28
480,480,379,Museu de la Farmàcia Catalana,109.0,Science Museum,379,"AV. D'EDUARD MARISTANY, 1 /FORUM",41.4109763,2.2193724,7,26
481,481,380,Museu Blau,62.0,History Museum,380,"PL. URQUINAONA, 3",41.3893094,2.1727457,1,25
482,482,381,Teatre Museu el Rei de la Màgia,129.0,Art Museum,381,"C/ CASANOVA, 119",41.387888,2.1552902,8,21
483,483,381,Museo Magic World,190.0,Museum,381,"C/ CASANOVA, 119",41.387888,2.1552902,8,21
484,484,382,,,[],382,"AV. PARAL.LEL, 98",41.3751767,2.1658972,9,11
485,485,383,,,[],383,"C/ DE SANT PAU, 89 - 97",41.3768806,2.1698206,14,4
486,486,384,,,[],384,"C/ VILARDELL, 18",41.3745238,2.1422556,14,15
487,487,385,,,[],385,"PG. DE GARCIA FÀRIA, 37/JOSEP FERRATER",41.403216,2.2136,4,27
488,488,386,,,[],386,"C/ PUJADES,  3",41.39212,2.1874966,19,7
489,489,387,,,[],387,"PG. JOAN DE BORBÓ, 42",41.3779974,2.1884228,1,14
490,490,388,,,[],388,"TRAVESSERA DE GRÀCIA, 328",41.4082107,2.1689962,6,19
491,491,389,,,[],389,"C/ ROCAFORT, 214 | C/ ROSSELLÓ",41.3852864,2.1454802,2,22
492,492,390,,,[],390,"C/ ROGER, 24",41.3767538,2.1269152,21,5
493,493,391,,,[],391,"RAMBLA DEL BRASIL, 44",41.3783067,2.1297303,8,14
494,494,392,,,[],392,"C/ ENRIC GRANADOS, 93",41.392135,2.1563542,0,24
495,495,393,,,[],393,"C/ ENRIC  GRANADOS, 35",41.389668,2.1599078,2,13
496,496,394,,,[],394,"GRAN VIA DE LES CORTS CATALANES, 609",41.3893222,2.1678388,0,14
497,497,395,Museo Adidas & Messi,135.0,Museum,395,"AV.LITORAL, 84",41.3979002,2.2088454,21,5
498,498,396,,,[],396,"C/ JOAN GÜELL, 50",41.3786364,2.1335494,16,5
499,499,397,,,[],397,"C/ DE L'ENERGIA, 2 / ALTS FORNS",41.3573288,2.1371996,9,23
500,500,398,,,[],398,"C/ LISBOA, 128",41.4267638,2.1521909,2,25
501,501,399,,,[],399,"C/ RAMON TURRÓ, 4",41.3905303,2.1906339,13,5
502,502,400,,,[],400,"C/ RIBES, 13",41.3933173,2.1812483,1,16
503,503,401,,,[],401,PLA DE PALAU,41.382418,2.183723,12,9
504,504,402,Real Academia de Bellas Artés de San Jorge,86.0,Art Museum,402,"C/ BOLÍVIA, 76",41.4030225,2.1913538,2,14
505,505,403,,,[],403,"AV. DE LA CATEDRAL, 6",41.3850616,2.1766834,13,8
506,506,404,Museu Frederic Marès,77.0,Museum,404,WORLD TRADE CENTER,41.3720293,2.1804468,3,36
507,507,404,The Gaudí Exhibition Center,88.0,Art Museum,404,WORLD TRADE CENTER,41.3720293,2.1804468,3,36
508,508,404,Museu Diocesà de Barcelona,75.0,History Museum,404,WORLD TRADE CENTER,41.3720293,2.1804468,3,36
509,509,404,Museu d'Història de Barcelona,140.0,History Museum,404,WORLD TRADE CENTER,41.3720293,2.1804468,3,36
510,510,404,Museo Diocesano de Barcelona,71.0,History Museum,404,WORLD TRADE CENTER,41.3720293,2.1804468,3,36
511,511,404,Casa Dels Entremesos,117.0,Museum,404,WORLD TRADE CENTER,41.3720293,2.1804468,3,36
512,512,404,Museo Dalí Escultor. Edificio Real Círculo Artístico,189.0,Museum,404,WORLD TRADE CENTER,41.3720293,2.1804468,3,36
513,513,404,Reial Cercle Artístic de Barcelona,189.0,Concert Hall,404,WORLD TRADE CENTER,41.3720293,2.1804468,3,36
514,514,405,,,[],405,"C/ PROVENÇA, 317",41.3988184485363,2.166735224916682,2,17
515,515,406,,,[],406,"AV. VALLCARCA, 196",41.4160558,2.1421504,9,18
516,516,407,,,[],407,"AV. VALLCARCA, 11",41.4074444,2.1492066,4,13
517,517,408,,,[],408,PG. DE LLUíS COMPANYS (ARC DE TRIOMF),41.391062,2.1801142,0,24
518,518,409,,,[],409,"PG. TORRAS I BAGES, 29",41.4378773,2.1910691,13,6
519,519,410,,,[],410,"C/ SARDENYA, 68",41.3916096,2.1891194,11,12
520,520,411,,,[],411,"AV. DIAGONAL, 26",41.4110822,2.2163136,12,19
521,521,412,,,[],412,"GRAN VIA CORTS CATALANES, 760",41.3979779,2.1801069,31,15
522,522,413,,,[],413,"PL. JEAN GENET,  1",41.376735,2.1740082,19,1
523,523,414,Museo Marítimo de Barcelona,185.0,Art Museum,414,"RAMBLA DE PRIM, 256",41.4256626,2.2008632,17,9
524,524,414,Arts Santa Mònica,175.0,Art Gallery,414,"RAMBLA DE PRIM, 256",41.4256626,2.2008632,17,9
525,525,415,,,[],415,"C/ ARGENTERA, 23",41.4117633,2.1453424,14,8
526,526,416,,,[],416,"C/ COMTE URGELL, 23",41.380393,2.1606506,13,13
527,527,417,Santería Milagrosa,51.0,Art Museum,417,"PG. LLUIS COMPANYS, 18  (ARC TRIOMF)",41.3914292,2.1805685,10,29
528,528,418,,,[],418,"C/ DE LES CORTS, 20",41.3854466,2.1288753,5,22
529,529,419,,,[],419,"GRAN VIA DE LES CORTS CATALANES, 632",41.3890626,2.1679313,1,15
530,530,420,Museo Adidas & Messi,162.0,Museum,420,"C/ DE RIBES, 59 B",41.39828,2.1830315,18,12
531,531,421,Museu de la Música,194.0,History Museum,421,"C/ JOSEP PLA, 67",41.411381,2.2122054,4,20
532,532,422,,,[],422,"C/ DIPUTACIÓ, 226",41.3873057,2.1631263,0,26
533,533,423,Museo geológico del Seminario de Barcelona,63.0,Science Museum,423,"C/ SAGUÉS, 1",41.3937414,2.1455022,2,25
534,534,423,Museu del Modernisme Català,172.0,Art Museum,423,"C/ SAGUÉS, 1",41.3937414,2.1455022,2,25
535,535,424,,,[],424,"C/ AGUSTÍ DURAN I SANPERE, 10",41.3816139,2.1677697,8,33
536,536,425,Museu d'Art Contemporani de Barcelona,166.0,Museum,425,"C/ VILÀ I VILÀ, 45",41.3733857,2.1709545,16,10
537,537,425,Museu del Barça,142.0,Museum,425,"C/ VILÀ I VILÀ, 45",41.3733857,2.1709545,16,10
538,538,426,,,[],426,"C/REPÚBLICA DOMINICANA,25(CENTRE COMERCIAL)",41.439929,2.1970692,14,19
539,539,427,,,[],427,"PG. ZONA FRANCA, 9",41.3513237,2.1450958,31,5
540,540,428,,,[],428,"C / INDÚSTRIA, 10",41.4022081,2.1649035,2,19
541,541,429,,,[],429,"C/ TURÓ BLAU, 1-3",41.4388223,2.1767828,4,20
542,542,430,,,[],430,"C/ D'ALACANT, 12",41.4000778,2.1326911,2,25
543,543,431,,,[],431,"C/ CASTILLEJOS, 184",41.4021805,2.1829894,13,13
544,544,432,,,[],432,"C/ SANCHO DE ÁVILA, 170 / LLACUNA",41.4027907,2.1956161,8,17
545,545,433,Museu Can Framis,63.0,Art Museum,433,PL. DEL MAR,41.3748001,2.1889045,10,8
546,546,434,,,[],434,"C/ ANTILLES, 8",41.4250835,2.1872818,24,1
547,547,435,,,[],435,"C/ MANSO, 46",41.377046,2.16113608,21,1
548,548,436,,,[],436,"C/ SARDENYA, 494",41.4107641,2.1640965,4,19
549,549,437,,,[],437,"C/ QUETZAL, 22-24",41.3675438,2.1342316,12,14
550,550,438,,,[],438,"C/ ARAGÓ, 629",41.410098,2.1884487,10,11
551,551,439,,,[],439,"C/ MINERIA, 30",41.3649272,2.138599,14,4
552,552,440,,,[],440,"C/ EUROPA, 25",41.387561,2.1306737,2,31
553,553,441,,,[],441,"C/ SANTA FE DE NOU MÈXIC, 2",41.3935816,2.1345892,0,33
554,554,442,,,[],442,"C/ FELIPE II, 112",41.4219291,2.1849107,3,28
555,555,443,,,[],443,"C/ PUJADES, 191",41.4026275,2.2017694,32,0
556,556,444,Cementeri de Poble Nou,144.0,Art Museum,444,"GRAN VIA DE LES CORTS CATALANES, 1041",41.4145805,2.2008139,8,15
557,557,445,,,[],445,"C/ GELABERT, 1",41.3871579,2.1410945,0,26
558,558,446,,,[],446,"C/ ROSA SENSAT, 12",41.3906051,2.1972309,8,12
559,559,447,,,[],447,"C/ ALFAMBRA, 2 | AV. DIAGONAL",41.385641,2.113096,11,12
560,560,448,,,[],448,"PL. CATALUNYA, 10-11 (LA RAMBLA)",41.387493,2.1690686,1,19
561,561,449,,,[],449,"VIA AUGUSTA, 317",41.399017,2.124329,1,25
562,562,450,,,[],450,WORLD  TRADE CENTER,41.3718728,2.180302,3,36
563,563,451,,,[],451,"C/ VALÈNCIA, 621",41.4108005,2.1872438,20,5
564,564,452,,,[],452,"PG. SANTA COLOMA, 105",41.4479402,2.1976757,23,15
565,565,453,,,[],453,"AV. LITORAL, 40 (D)",41.3896642,2.1999572,7,46
566,566,454,,,[],454,"C/ ESPRONCEDA, 124",41.4065912,2.203028,23,3
567,567,455,,,[],455,"C/ SANT ANTONI MARIA CLARET, 214",41.4108439,2.1740575,8,11
568,568,456,,,[],456,"C/ CASANOVA, 139",41.3887127,2.1542277,1,29
569,569,457,,,[],457,"C/ BOLIVIA, 120",41.4058109,2.1949461,9,18
570,570,458,,,[],458,"C/ SELVA DE MAR, 230",41.417694,2.1976864,14,11
571,571,459,,,[],459,"C/ SARDENYA, 362",41.4055143,2.1706498,9,13
572,572,460,,,[],460,"C/ PUJADES, 103",41.3983902,2.1960799,14,10
573,573,461,,,[],461,"AV. MERIDIANA, 66",41.40197,2.187081,2,14
574,574,462,Design Museum of Barcelona (Museu del Disseny de Barcelona),96.0,Art Museum,462,"C/ BILBAO, 2",41.4008312,2.206645,23,4
575,575,462,Disseny Hub Barcelona,102.0,Art Museum,462,"C/ BILBAO, 2",41.4008312,2.206645,23,4
576,576,462,Museu del Disseny de Barcelona,96.0,Museum,462,"C/ BILBAO, 2",41.4008312,2.206645,23,4
577,577,463,Tienda Infame - Art Shop,196.0,Museum,463,"C/ ESCULTOR LLIMONA, 7",41.4276076,2.1697582,8,21
578,578,464,,,[],464,"C/ PEDRELL, 52",41.4246548,2.166289,4,20
579,579,465,,,[],465,"C/ LONDRES,  53",41.3912605,2.1476308,0,24
580,580,466,,,[],466,"C/ JORGE MANRIQUE, 15",41.4312335,2.1499103,13,14
581,581,467,Pavelló de la República,130.0,Museum,467,"PG. MANUEL GIRONA, 7",41.39038,2.121,6,20
582,582,468,,,[],468,"C/ RIERA BLANCA, 123",41.371459,2.127854,27,0
583,583,469,,,[],469,"C/ CALÀBRIA, 112",41.38031805998654,2.154437124811396,21,18
584,584,470,,,[],470,"C/ CONSELL DE CENT, 566",41.4040364,2.183145,14,23
585,585,471,,,[],471,LA BARCELONETA (CN BARCELONETA),41.3736911,2.188928,5,9
586,586,472,,,[],472,MOLL ORIENTAL,41.3694508,2.1879597,10,32
587,587,473,,,[],473,"PL. CATALUNYA, 22",41.3860607,2.1702467,0,30
588,588,474,MUHBA Casa de l'Aigua,76.0,Museum,474,"C/ ROGER DE FLOR, 126",41.3954877,2.1771985,6,22
589,589,475,,,[],475,PG. DE LLUIS COMPANYS (ARC DE TRIOMF),41.391313,2.1808391,23,9
590,590,476,,,[],476,"C/ MARTÍ I FRANQUÈS, 1",41.3847061,2.1170751,4,24
591,591,477,,,[],477,"PL. SANT MIQUEL, 4",41.381708,2.177292,12,16
592,592,478,Domus avinyó,72.0,History Museum,478,PG. DE COLOM /VIA LAIETANA,41.380628,2.1822815,20,2
593,593,478,Casa Natal Joan Miró,74.0,Museum,478,PG. DE COLOM /VIA LAIETANA,41.380628,2.1822815,20,2
594,594,478,Museo de las ideas y los inventos,99.0,Museum,478,PG. DE COLOM /VIA LAIETANA,41.380628,2.1822815,20,2
595,595,478,MUHBA Porta de Mar,146.0,History Museum,478,PG. DE COLOM /VIA LAIETANA,41.380628,2.1822815,20,2
596,596,478,MUHBA Domus de Sant Honorat,153.0,History Museum,478,PG. DE COLOM /VIA LAIETANA,41.380628,2.1822815,20,2
597,597,478,Centre d'Interpretació del Call,178.0,History Museum,478,PG. DE COLOM /VIA LAIETANA,41.380628,2.1822815,20,2
598,598,478,Sinagoga Medieval de Barcelona,156.0,Museum,478,PG. DE COLOM /VIA LAIETANA,41.380628,2.1822815,20,2
599,599,478,Artevistas,66.0,Art Gallery,478,PG. DE COLOM /VIA LAIETANA,41.380628,2.1822815,20,2
600,600,479,Hemp Museum Gallery,174.0,Museum,479,"AV. MERIDIANA, 40",41.3960652,2.1871959,8,11
601,601,479,Palau Mornau,183.0,Museum,479,"AV. MERIDIANA, 40",41.3960652,2.1871959,8,11
602,602,479,Real Academia de Bellas Artés de San Jorge,184.0,Art Museum,479,"AV. MERIDIANA, 40",41.3960652,2.1871959,8,11
603,603,480,Museu de Carrosses Fúnebres,112.0,History Museum,480,"C/ JUAN GRIS, 28",41.3653426,2.1331357,18,14
604,604,480,Gas Natural Fenosa,114.0,Art Museum,480,"C/ JUAN GRIS, 28",41.3653426,2.1331357,18,14
605,605,481,,,[],481,"C/ RIERA ALTA, 6",41.3806411,2.1671611,16,17
606,606,482,Museu del Barça,52.0,Museum,482,"C/ FELIU DE CASANOVA, 1",41.3754188,2.1297823,19,8
607,607,483,,,[],483,"C/ PEDROSA, 24",41.4490679,2.1833801,8,16
608,608,484,,,[],484,"AV. JOSEP TARRADELLAS, 133",41.3900085,2.1432105,1,11
609,609,485,,,[],485,"C/ DEL GUINARDÓ, 32-38",41.4156285,2.1817876,21,4
610,610,486,Espai Alchemika,23.0,Art Museum,486,"C/ CASTILLEJOS, 388",41.412427,2.170592,9,23
611,611,487,,,[],487,PG. MARÍTIM DE LA BARCELONETA,41.3795862,2.1925198,25,1
612,612,488,,,[],488,"PG. ZONA FRANCA, 182",41.360798,2.138931,31,5
613,613,489,,,[],489,PLAÇA DELS ÀNGELS (MACBA),41.38268,2.16712,26,15
614,614,490,Museu d'Art Contemporani de Barcelona,39.0,Museum,490,"C/ VALLESPIR, 13",41.378118,2.1378667,5,17
615,615,490,Centro de Cultura Contemporánea de Barcelona,125.0,History Museum,490,"C/ VALLESPIR, 13",41.378118,2.1378667,5,17
616,616,491,,,[],491,"C/ PALÈNCIA, 31",41.4182129,2.1904005,11,15
617,617,492,,,[],492,"C/ CARDENAL TEDESCHINI, 13",41.4253643,2.1852073,27,5
618,618,493,,,[],493,"C/ BAILÉN, 62",41.3952527,2.1730023,15,14
619,619,494,Nexus Recursos Humanos,197.0,Museum,494,"C/ PORTUGAL, 3",41.4258248,2.191206,12,14
620,620,495,,,[],495,"PG. LLUIS COMPANYS, 11 (ARC TRIOMF)",41.3911035,2.1801763,7,32
621,621,496,,,[],496,"PG. PUJADES, 2",41.389135,2.183489,21,5
622,622,497,Museu de Zoologia,113.0,Science Museum,497,"C/ CLOT, 1",41.4063864,2.1874404,16,11
623,623,497,Laboratori de Natura,123.0,Science Museum,497,"C/ CLOT, 1",41.4063864,2.1874404,16,11
624,624,498,,,[],498,"C/ PROVENÇA, 215",41.3927771,2.1586273,3,22
625,625,499,Fundacio Museu D'historia de la Medicina de Catalunya,116.0,Museum,499,"C/ PONTEVEDRA, 58B | C/ JUDICI",41.37686,2.19067,3,17
626,626,500,,,[],500,"PG. MARITIM, 11 (DAVANT PL. BRUGADA)",41.3812425,2.1933482,8,27
627,627,501,La Fábrica del Sol,190.0,Museum,501,"PG. MARITIM, 23 (HOSPITAL DEL MAR)",41.3833653,2.1946255,2,24
628,628,502,,,[],502,"C/GAVÀ, 81",41.3703717,2.1389439,9,7
629,629,503,,,[],503,"PG. MARíTIM, 31 B (ANNEXA A LA  12)",41.3834753,2.194735,0,21
630,630,504,,,[],504,AV. LITORAL (PG MARÍTIM DEL PORT OLÍMPIC),41.3889129,2.1993105,4,23
631,631,505,,,[],505,"C/ PALLARS, 182",41.4003471,2.1969105,18,5
